attachment	tag
118396	FA054
197865	FA010
200274	FA028
213286	FA028
214242	FA170
222510	FA072
236831	FA191
236835	FA035
236836	FA156
236990	FA130
255671	FA042
261453	FA194
261498	GC110
263028	FA146
275454	FA045
277195	FA124
277196	FA124
277961	FA061
278659	FA079
283524	FA050
286153	FA034
286293	FA118
287907	FA154
294949	FA012
295830	FA099
296847	FA190
296848	FA190
297400	FA090
297639	FA063
298586	FA090
303333	FA063
304669	FA069
304699	FA145
304750	FA107
305931	GC039
306391	FA159
306393	FA159
306394	FA159
306469	FA040
306470	FA040
306471	FA040
306961	FA147
309060	FA119
315089	FA117
318615	FA076
318706	FA076
319976	FA125
325869	FA113
326818	FA032
333128	FA092
33459	FA160
33460	FA160
336946	FA167
340810	FA041
340934	FA052
342410	FA129
345723	FA188
345811	FA089
345813	FA089
345819	FA057
345821	FA057
345838	FA109
345839	FA109
345961	FA074
348355	FA079
348530	FA069
348531	FA069
348549	FA145
348550	FA145
348652	FA089
353963	FA086
353964	FA086
353965	FA086
354204	FA095
354342	FA085
354350	FA085
356101	FA141
357425	FA055
357426	FA055
358068	FA114
359075	FA137
361065	FA029
362005	FA029
363654	FA153
364486	FA121
366186	FA181
366691	FA155
367175	FA108
367212	FA048
367978	FA128
369195	FA109
369681	FA050
370232	FA123
370233	FA123
373615	FA144
373928	FA051
373990	FA080
374184	FA164
374394	FA143
375317	FA157
376002	FA075
376005	FA075
376165	FA184
376528	FA031
377240	FA095
377597	FA081
377598	FA081
383806	FA185
387282	FA168
396677	FA189
396718	FA127
396769	FA100
396904	FA009
397431	FA009
397970	FA140
398253	FA022
401264	FA166
401265	FA166
401667	FA068
406339	FA018
418297	FA037
418594	FA075
418595	FA075
420046	FA085
420047	FA085
420797	FA110
422146	FA070
424124	FA073
424125	FA073
424794	FA147
424795	FA147
426526	FA134
429503	FA100
429544	FA100
429603	FA173
430095	FA173
430155	FA187
437155	FA067
438033	FA015
438034	FA015
438035	FA015
438038	FA015
438039	FA015
438649	FA095
442288	FA174
444046	FA004
444456	FA030
444458	FA030
445206	FA014
448031	FA046
450892	FA028
452848	FA186
452850	FA186
452854	FA186
452855	FA186
452999	FA148
454272	FA186
454496	FA095
454798	FA084
455069	FA044
455070	FA044
455953	GC028
465182	FA038
465185	FA038
470121	FA149
470122	FA149
470527	FA149
471730	FA101
471861	FA142
471863	FA142
471878	FA019
471962	FA029
472113	FA115
472114	FA115
472135	FA115
476799	FA139
480823	FA116
481377	FA075
486868	FA106
487549	FA023
488195	FA061
489117	GC110
489873	FA039
489874	FA039
491113	FA023
491316	FA084
492041	FA152
492335	FA083
494604	FA029
494606	FA029
494607	FA029
494707	FA049
494708	FA049
494710	FA049
494711	FA049
494712	FA049
497348	FA075
497759	FA138
497798	FA027
497966	FA049
501121	FA086
501122	FA086
501123	FA086
501140	FA085
502968	GC110
503102	FA029
503103	FA029
503309	FA095
505037	FA001
505147	FA085
505159	FA095
505235	FA017
509621	FA082
511189	FA096
511190	FA096
511401	FA182
512167	FA026
512171	FA026
513949	FA162
515984	FA016
515985	FA016
515986	FA016
515987	FA016
515988	FA016
515989	FA016
516693	FA183
518156	FA174
519167	FA179
520764	FA011
520765	FA011
520766	FA011
521067	FA071
521068	FA071
521190	FA047
521802	FA064
523895	FA104
523896	FA104
524356	FA103
524361	FA103
524363	FA103
524366	FA103
524368	FA103
524370	FA103
524372	FA103
524373	FA103
527759	FA198
529038	FA029
529039	FA029
529563	FA002
530331	FA177
530401	FA177
533434	FA136
533442	FA171
533443	FA068
539958	FA163
542759	FA171
544886	FA086
546477	FA151
548091	FA073
549300	FA151
549556	FA189
549564	FA127
551117	FA056
554095	FA037
554910	FA006
554914	FA006
555723	FA088
557647	FA066
558027	FA062
558386	FA047
563607	FA038
563608	FA038
565170	FA186
565171	FA186
565172	FA186
565174	FA186
565175	FA186
565176	FA186
565177	FA186
565640	FA094
565685	FA088
566009	FA175
567689	FA200
567690	FA200
567695	FA198
567696	FA198
567829	FA060
568120	FA003
568121	FA003
568155	FA111
568426	FA060
568536	FA013
570902	FA024
571120	FA195
571121	FA195
571122	FA195
571123	FA195
571156	FA120
572348	FA165
572349	FA165
574633	FA176
574682	FA112
574685	FA112
574774	FA086
574775	FA086
574776	FA086
574777	FA086
577189	FA176
577197	FA056
583384	FA008
583385	FA008
583665	FA177
585508	FA180
585591	FA036
585811	FA021
585924	FA192
586398	FA093
586399	FA093
586403	FA093
586417	FA093
587242	FA165
587244	FA165
589024	FA077
589179	FA001
590777	FA055
591417	FA199
591490	FA132
592411	FA161
593645	FA133
594415	FA172
594417	FA172
594419	FA172
594420	FA172
594421	FA172
594422	FA172
594424	FA172
594426	FA172
594427	FA172
595085	FA196
595418	FA056
595831	FA186
596039	FA138
596163	FA197
598815	FA131
598817	FA131
598911	FA025
600926	FA112
600928	FA112
600930	FA112
600931	FA112
600932	FA112
600933	FA112
600971	FA179
600972	FA179
600973	FA179
600974	FA179
601334	FA126
601335	FA126
601451	FA059
601452	FA059
601465	FA102
601466	FA102
601491	FA158
601492	FA158
601922	FA086
601933	FA197
602993	FA058
603055	FA178
603057	FA178
603079	FA098
603081	FA098
603200	FA087
604120	FA085
604126	FA085
604367	FA095
604368	FA095
604901	FA065
604902	FA065
605770	FA091
605771	FA091
606042	FA179
606335	FA024
606403	FA169
606404	FA169
606406	FA169
606707	FA053
607177	FA083
607262	FA020
608413	FA193
608414	FA193
608778	FA033
608926	FA185
610504	FA097
610505	FA097
610877	FA007
610878	FA007
611321	FA105
611587	GC038
611980	FA078
612165	FA196
613012	FA135
613564	FA150
613883	FA043
614187	FA043
614369	FA091
614370	FA091
